Value,Flag,Slope forward,Slope Back,If Then Flag
14,G,0,0.133333333,G
12,G,0.133333333,0.133333333,G
10,G,0.133333333,-0.066666667,G
11,G,-0.066666667,-0.066666667,G
12,G,-0.066666667,-7.2,G
120,X,-7.2,-0.333333333,G
125,X,-0.333333333,0.466666667,G
118,X,0.466666667,7,G
13,G,7,0.2,G
10,G,0.2,0.133333333,G
8,G,0.133333333,-0.066666667,G
9,G,-0.066666667,-0.466666667,G
16,G,-0.466666667,0.266666667,G
12,G,0.266666667,0.266666667,G
8,G,0.266666667,0,G
